{"cameraMode":{"drawMode":0,"name":"Shaded","section":"Shading Mode"},"sceneLighting":false,"audioPlay":false,"sceneViewState":{"m_AlwaysRefresh":false,"showFog":true,"showSkybox":false,"showFlares":true,"showImageEffects":true,"showParticleSystems":true,"showVisualEffectGraphs":true,"m_FxEnabled":true},"in2DMode":false,"pivot":{"x":0.0000017881393432617188,"y":1.5140886306762696,"z":0.016342580318450929},"rotation":{"x":-0.03529870882630348,"y":0.9630181193351746,"z":-0.15769413113594056,"w":-0.215550035238266},"size":1.9390959739685059,"orthographic":false}