{"cameraMode":{"drawMode":0,"name":"Shaded","section":"Shading Mode"},"sceneLighting":true,"audioPlay":false,"sceneViewState":{"m_AlwaysRefresh":false,"showFog":true,"showSkybox":true,"showFlares":true,"showImageEffects":true,"showParticleSystems":true,"showVisualEffectGraphs":true,"m_FxEnabled":true},"in2DMode":false,"pivot":{"x":9.97330093383789,"y":-0.6150400638580322,"z":68.11658477783203},"rotation":{"x":-0.02129996567964554,"y":-0.026393452659249307,"z":0.0005555259413085878,"w":-0.9994061589241028},"size":42.18124771118164,"orthographic":false}