{"cameraMode":{"drawMode":0,"name":"Shaded","section":"Shading Mode"},"sceneLighting":true,"audioPlay":false,"sceneViewState":{"m_AlwaysRefresh":false,"showFog":true,"showSkybox":true,"showFlares":true,"showImageEffects":true,"showParticleSystems":true,"showVisualEffectGraphs":true,"m_FxEnabled":true},"in2DMode":false,"pivot":{"x":0.024699032306671144,"y":0.0032598376274108888,"z":0.2023223638534546},"rotation":{"x":-0.08704356104135513,"y":-0.059141721576452258,"z":0.00516477832570672,"w":-0.9944139719009399},"size":4.690791130065918,"orthographic":false}