{"cameraMode":{"drawMode":0,"name":"Shaded","section":"Shading Mode"},"sceneLighting":true,"audioPlay":false,"sceneViewState":{"m_AlwaysRefresh":false,"showFog":true,"showSkybox":true,"showFlares":true,"showImageEffects":true,"showParticleSystems":true,"showVisualEffectGraphs":true,"m_FxEnabled":true},"in2DMode":false,"pivot":{"x":-3.0753707885742189,"y":3.959650993347168,"z":-0.7472809553146362},"rotation":{"x":0.21386654675006867,"y":0.30464133620262148,"z":-0.07040317356586456,"w":0.9254783391952515},"size":4.267075061798096,"orthographic":false}